hora,w_informal,w_publico,w_privado,w_no_motorizado
0,0.002465155159765938,0.0013322955356492609,0.0009444237232854453,0.0008158152531757375
1,0.004422778374874183,0.0006131199475639065,0.0019606768565109105,0.0007020232493581993
2,0.0075106197860688876,0.0014169579782972836,0.003656915070501896,0.000863993319308163
3,0.004162614941058055,0.002666866943412716,0.003959662731656498,0.0010750591328406935
4,0.008508623778084855,0.02923130143470978,0.014218498680201102,0.004517267248321224
5,0.028664892437347527,0.06763072609423931,0.060858132658810835,0.034077952111002265
6,0.07056826517904362,0.10880216298885732,0.12282509857921427,0.10578251503270374
7,0.08330347851305935,0.07982257300997743,0.10691461824264827,0.0567909278407279
8,0.060750294283228416,0.05388901026873498,0.05362198469448291,0.0522718252375064
9,0.07442380196871215,0.04489112227805695,0.03503093719289602,0.050479142338655095
10,0.08540611085521266,0.051736490423130145,0.03838457253254005,0.062163929311306015
11,0.06174829827524438,0.0456207668778676,0.03676548442552168,0.06943744078112704
12,0.05262551819438047,0.054203080620493775,0.06573189114066699,0.15648786486281868
13,0.049964174215671224,0.047939880562231446,0.045590924593485446,0.05090494467552072
14,0.06011907808314994,0.06003750637244192,0.05257008289113907,0.046996556415368346
15,0.059423887268198645,0.052900826596751875,0.04945428270885199,0.0436016086885701
16,0.06684920756777044,0.07188068968028549,0.06923450599722367,0.04912648577714662
17,0.07638142518382039,0.09687795863374846,0.09668451405807967,0.10355209999013497
18,0.04612143234897726,0.05937886898259413,0.05171983550533054,0.051058196809694346
19,0.03487896002866063,0.027662770373607166,0.029132412462562245,0.02668697792756313
20,0.016859443506150092,0.019116415410385258,0.027054680271334265,0.01427814344675062
21,0.01953784738215876,0.012360261452188478,0.014701085901057382,0.008090244400446908
22,0.01761434396164935,0.00903248124681378,0.012127464746391637,0.0073542670854334765
23,0.00768974870771278,0.0009558662879615468,0.0068573143356072215,0.0028847190645196075
